{"stats":{"minecraft:picked_up":{"minecraft:seagrass":2,"minecraft:crafting_table":3,"minecraft:wheat":8,"minecraft:feather":7,"minecraft:chicken":6,"minecraft:leather":1,"minecraft:oak_log":16,"minecraft:dirt":6,"minecraft:string":7,"minecraft:pufferfish":1,"minecraft:bone":5,"minecraft:acacia_planks":12,"minecraft:wheat_seeds":64,"minecraft:stone_pickaxe":1,"minecraft:wooden_shovel":1,"minecraft:oak_planks":2,"minecraft:stone_hoe":1,"minecraft:furnace":1,"minecraft:raw_iron":29,"minecraft:stick":2,"minecraft:pumpkin":7,"minecraft:torch":22,"minecraft:acacia_log":19,"minecraft:spider_eye":4,"minecraft:arrow":4,"minecraft:rotten_flesh":8,"minecraft:tropical_fish":2,"minecraft:stone_axe":1,"minecraft:bone_meal":2,"minecraft:oak_sapling":3,"minecraft:cod":10,"minecraft:coal":28,"minecraft:rail":1,"minecraft:cobblestone":89},"minecraft:killed_by":{"minecraft:zombie":1},"minecraft:mined":{"minecraft:crafting_table":3,"minecraft:torch":14,"minecraft:short_grass":187,"minecraft:acacia_log":19,"minecraft:grass_block":3,"minecraft:cobblestone":16,"minecraft:tall_grass":7,"minecraft:oak_planks":2,"minecraft:wall_torch":4,"minecraft:furnace":1,"minecraft:iron_ore":29,"minecraft:wheat":12,"minecraft:pumpkin":8,"minecraft:coal_ore":19,"minecraft:oak_log":18,"minecraft:dirt":3,"minecraft:acacia_planks":2,"minecraft:stone":59,"minecraft:oak_leaves":3},"minecraft:crafted":{"minecraft:cooked_cod":10,"minecraft:oak_planks":64,"minecraft:wooden_shovel":1,"minecraft:crafting_table":1,"minecraft:iron_helmet":1,"minecraft:wooden_pickaxe":1,"minecraft:cooked_chicken":6,"minecraft:furnace":1,"minecraft:bone_meal":15,"minecraft:pumpkin_seeds":28,"minecraft:stone_axe":2,"minecraft:bread":2,"minecraft:air":0,"minecraft:iron_boots":1,"minecraft:iron_chestplate":1,"minecraft:shield":1,"minecraft:stick":28,"minecraft:iron_pickaxe":1,"minecraft:iron_ingot":29,"minecraft:stone_pickaxe":2,"minecraft:wooden_axe":2,"minecraft:iron_leggings":1,"minecraft:acacia_planks":76,"minecraft:torch":16,"minecraft:stone_hoe":1},"minecraft:broken":{"minecraft:stone_axe":1},"minecraft:custom":{"minecraft:interact_with_furnace":30,"minecraft:mob_kills":38,"minecraft:interact_with_crafting_table":18,"minecraft:leave_game":2,"minecraft:time_since_death":44479,"minecraft:time_since_rest":44508,"minecraft:sprint_one_cm":160982,"minecraft:damage_taken":782,"minecraft:walk_one_cm":118931,"minecraft:damage_blocked_by_shield":115,"minecraft:drop":14,"minecraft:damage_dealt":4382,"minecraft:swim_one_cm":35799,"minecraft:fly_one_cm":163968,"minecraft:crouch_one_cm":16548,"minecraft:play_time":64597,"minecraft:deaths":1,"minecraft:sneak_time":5744,"minecraft:walk_under_water_one_cm":27249,"minecraft:jump":1047,"minecraft:walk_on_water_one_cm":12214,"minecraft:total_world_time":64597,"minecraft:fall_one_cm":17388},"minecraft:dropped":{"minecraft:feather":4,"minecraft:leather":1,"minecraft:rail":1,"minecraft:dirt":1,"minecraft:wooden_axe":2,"minecraft:seagrass":2,"minecraft:wooden_shovel":1,"minecraft:spider_eye":3,"minecraft:arrow":4,"minecraft:stone_pickaxe":1,"minecraft:wooden_pickaxe":1,"minecraft:string":4},"minecraft:killed":{"minecraft:zombie_villager":3,"minecraft:spider":4,"minecraft:dolphin":1,"minecraft:cod":9,"minecraft:pufferfish":1,"minecraft:skeleton":4,"minecraft:donkey":1,"minecraft:zombie":5,"minecraft:chicken":6,"minecraft:turtle":1,"minecraft:tropical_fish":3},"minecraft:used":{"minecraft:wheat_seeds":40,"minecraft:stone_pickaxe":120,"minecraft:oak_planks":38,"minecraft:shield":4,"minecraft:wooden_pickaxe":6,"minecraft:wooden_shovel":4,"minecraft:stone_hoe":47,"minecraft:cooked_chicken":3,"minecraft:rotten_flesh":8,"minecraft:torch":24,"minecraft:dirt":5,"minecraft:crafting_table":4,"minecraft:wooden_axe":27,"minecraft:bread":2,"minecraft:stone_axe":164,"minecraft:cobblestone":48,"minecraft:cooked_cod":8,"minecraft:furnace":2,"minecraft:acacia_planks":68,"minecraft:bone_meal":17}},"DataVersion":3839}