{"stats":{"minecraft:mined":{"minecraft:short_grass":35,"minecraft:oak_leaves":1},"minecraft:used":{"minecraft:oak_log":26,"minecraft:oak_leaves":51,"minecraft:water_bucket":5,"minecraft:netherite_sword":5,"minecraft:grass_block":217,"minecraft:cobblestone_wall":150,"minecraft:oak_planks":4,"minecraft:bucket":4,"minecraft:acacia_leaves":379},"minecraft:custom":{"minecraft:time_since_rest":20358,"minecraft:deaths":1,"minecraft:crouch_one_cm":10218,"minecraft:play_time":33142,"minecraft:sprint_one_cm":28620,"minecraft:walk_one_cm":28948,"minecraft:damage_taken":255,"minecraft:sneak_time":3094,"minecraft:walk_under_water_one_cm":875,"minecraft:mob_kills":1,"minecraft:drop":7,"minecraft:jump":530,"minecraft:damage_dealt":312,"minecraft:leave_game":1,"minecraft:walk_on_water_one_cm":1806,"minecraft:time_since_death":20338,"minecraft:total_world_time":33142,"minecraft:swim_one_cm":364,"minecraft:fall_one_cm":5686,"minecraft:fly_one_cm":112530},"minecraft:killed":{"minecraft:armadillo":1},"minecraft:killed_by":{"minecraft:zombie":1},"minecraft:dropped":{"minecraft:wheat_seeds":5,"minecraft:bucket":1,"minecraft:grass_block":1},"minecraft:picked_up":{"minecraft:wheat_seeds":6,"minecraft:grass_block":1},"minecraft:crafted":{"minecraft:oak_planks":4}},"DataVersion":3839}