{"stats":{"minecraft:crafted":{"minecraft:cooked_beef":2,"minecraft:crafting_table":2,"minecraft:wooden_pickaxe":1,"minecraft:furnace":1,"minecraft:acacia_button":1,"minecraft:stone_axe":1,"minecraft:acacia_boat":1,"minecraft:bread":33,"minecraft:air":0,"minecraft:iron_chestplate":1,"minecraft:shield":1,"minecraft:iron_axe":1,"minecraft:stick":16,"minecraft:iron_ingot":5,"minecraft:iron_pickaxe":1,"minecraft:stone_pickaxe":2,"minecraft:acacia_planks":52,"minecraft:stone_hoe":1,"minecraft:wheat":99},"minecraft:killed":{"minecraft:pig":12,"minecraft:spider":2,"minecraft:iron_golem":1,"minecraft:creeper":1,"minecraft:sheep":2,"minecraft:pillager":1,"minecraft:zombie":3,"minecraft:drowned":1,"minecraft:cow":10},"minecraft:custom":{"minecraft:interact_with_furnace":5,"minecraft:mob_kills":33,"minecraft:interact_with_crafting_table":16,"minecraft:leave_game":10,"minecraft:time_since_death":193046,"minecraft:time_since_rest":193046,"minecraft:sprint_one_cm":214204,"minecraft:damage_taken":180,"minecraft:walk_one_cm":63898,"minecraft:drop":14,"minecraft:damage_dealt":4910,"minecraft:swim_one_cm":26389,"minecraft:fly_one_cm":687354,"minecraft:open_chest":9,"minecraft:crouch_one_cm":7387,"minecraft:play_time":193046,"minecraft:sneak_time":2767,"minecraft:walk_under_water_one_cm":2653,"minecraft:boat_one_cm":74497,"minecraft:jump":1668,"minecraft:interact_with_blast_furnace":1,"minecraft:walk_on_water_one_cm":10585,"minecraft:total_world_time":193046,"minecraft:fall_one_cm":23611},"minecraft:dropped":{"minecraft:furnace":1,"minecraft:stone_axe":1,"minecraft:sugar_cane":1,"minecraft:wheat_seeds":5,"minecraft:rotten_flesh":2,"minecraft:cobblestone":3,"minecraft:acacia_button":1,"minecraft:stick":2,"minecraft:arrow":1,"minecraft:wooden_pickaxe":1,"minecraft:white_wool":1},"minecraft:picked_up":{"minecraft:crafting_table":7,"minecraft:leather":10,"minecraft:oak_log":4,"minecraft:string":2,"minecraft:bone":1,"minecraft:acacia_planks":12,"minecraft:wheat_seeds":7,"minecraft:beef":20,"minecraft:iron_ingot":4,"minecraft:poppy":2,"minecraft:sugar_cane":1,"minecraft:furnace":2,"minecraft:acacia_log":23,"minecraft:porkchop":22,"minecraft:blast_furnace":1,"minecraft:rotten_flesh":4,"minecraft:hay_block":11,"minecraft:granite":1,"minecraft:crossbow":1,"minecraft:armadillo_scute":1,"minecraft:gray_wool":1,"minecraft:netherrack":12,"minecraft:mutton":4,"minecraft:cobblestone":22,"minecraft:white_wool":1},"minecraft:used":{"minecraft:acacia_boat":1,"minecraft:stone_pickaxe":32,"minecraft:wooden_pickaxe":6,"minecraft:stone_hoe":13,"minecraft:rotten_flesh":2,"minecraft:iron_chestplate":1,"minecraft:sand":1,"minecraft:crafting_table":8,"minecraft:acacia_leaves":1,"minecraft:crossbow":1,"minecraft:granite":1,"minecraft:grass_block":1,"minecraft:iron_axe":19,"minecraft:bread":6,"minecraft:iron_pickaxe":1,"minecraft:stone_axe":92,"minecraft:furnace":1,"minecraft:cooked_beef":2,"minecraft:acacia_planks":9,"minecraft:experience_bottle":1},"minecraft:mined":{"minecraft:acacia_leaves":3,"minecraft:crafting_table":7,"minecraft:granite":1,"minecraft:acacia_log":23,"minecraft:short_grass":52,"minecraft:blast_furnace":1,"minecraft:tall_grass":4,"minecraft:sugar_cane":1,"minecraft:hay_block":11,"minecraft:furnace":1,"minecraft:wheat":2,"minecraft:fire":5,"minecraft:oak_log":4,"minecraft:acacia_planks":8,"minecraft:stone":23,"minecraft:netherrack":12}},"DataVersion":3839}