{"stats":{"minecraft:mined":{"minecraft:short_grass":35},"minecraft:used":{"minecraft:oak_log":26,"minecraft:oak_leaves":50,"minecraft:water_bucket":5,"minecraft:netherite_sword":2,"minecraft:grass_block":216,"minecraft:bucket":4},"minecraft:custom":{"minecraft:time_since_rest":11939,"minecraft:crouch_one_cm":4824,"minecraft:play_time":11939,"minecraft:sprint_one_cm":15941,"minecraft:walk_one_cm":11303,"minecraft:damage_taken":165,"minecraft:sneak_time":1498,"minecraft:walk_under_water_one_cm":94,"minecraft:mob_kills":1,"minecraft:drop":7,"minecraft:jump":277,"minecraft:damage_dealt":121,"minecraft:walk_on_water_one_cm":439,"minecraft:time_since_death":11939,"minecraft:total_world_time":11939,"minecraft:swim_one_cm":176,"minecraft:fall_one_cm":5001,"minecraft:fly_one_cm":37008},"minecraft:killed":{"minecraft:armadillo":1},"minecraft:dropped":{"minecraft:wheat_seeds":5,"minecraft:bucket":1,"minecraft:grass_block":1},"minecraft:picked_up":{"minecraft:wheat_seeds":6,"minecraft:grass_block":1}},"DataVersion":3839}