{"stats":{"minecraft:picked_up":{"minecraft:crafting_table":2,"minecraft:wheat_seeds":1,"minecraft:acacia_log":4,"minecraft:string":1},"minecraft:killed_by":{"minecraft:spider":1},"minecraft:mined":{"minecraft:short_grass":7,"minecraft:acacia_log":4},"minecraft:crafted":{"minecraft:acacia_planks":16,"minecraft:crafting_table":1,"minecraft:stick":8,"minecraft:wooden_pickaxe":1,"minecraft:wooden_axe":1},"minecraft:custom":{"minecraft:time_since_rest":166,"minecraft:play_time":3425,"minecraft:sprint_one_cm":5407,"minecraft:interact_with_furnace":2,"minecraft:deaths":1,"minecraft:damage_taken":315,"minecraft:walk_one_cm":11263,"minecraft:sneak_time":3,"minecraft:mob_kills":1,"minecraft:drop":2,"minecraft:jump":42,"minecraft:damage_dealt":184,"minecraft:leave_game":1,"minecraft:time_since_death":124,"minecraft:total_world_time":3425,"minecraft:interact_with_crafting_table":3,"minecraft:fall_one_cm":1169,"minecraft:fly_one_cm":5869},"minecraft:dropped":{"minecraft:crafting_table":2},"minecraft:killed":{"minecraft:spider":1},"minecraft:used":{"minecraft:wooden_axe":1}},"DataVersion":3839}