{"stats":{"minecraft:picked_up":{"minecraft:crafting_table":3,"minecraft:feather":8,"minecraft:chicken":6,"minecraft:leather":7,"minecraft:wooden_pickaxe":1,"minecraft:gunpowder":2,"minecraft:bone":3,"minecraft:acacia_planks":8,"minecraft:bow":3,"minecraft:wheat_seeds":3,"minecraft:beef":9,"minecraft:stone_pickaxe":1,"minecraft:furnace":4,"minecraft:raw_iron":22,"minecraft:pumpkin":1,"minecraft:torch":19,"minecraft:acacia_log":10,"minecraft:gravel":19,"minecraft:porkchop":3,"minecraft:diorite":3,"minecraft:arrow":4,"minecraft:rotten_flesh":2,"minecraft:stone_axe":1,"minecraft:hay_block":21,"minecraft:coal":68,"minecraft:cobblestone":29},"minecraft:killed_by":{"minecraft:skeleton":1,"minecraft:creeper":1},"minecraft:mined":{"minecraft:acacia_leaves":1,"minecraft:crafting_table":3,"minecraft:short_grass":23,"minecraft:acacia_log":10,"minecraft:diorite":3,"minecraft:wall_torch":3,"minecraft:hay_block":21,"minecraft:furnace":3,"minecraft:iron_ore":22,"minecraft:wheat":2,"minecraft:pumpkin":1,"minecraft:coal_ore":46,"minecraft:gravel":10,"minecraft:stone":14},"minecraft:crafted":{"minecraft:cooked_beef":9,"minecraft:cooked_porkchop":3,"minecraft:crafting_table":2,"minecraft:wooden_pickaxe":1,"minecraft:cooked_chicken":6,"minecraft:iron_helmet":1,"minecraft:furnace":1,"minecraft:stone_axe":2,"minecraft:bread":63,"minecraft:air":0,"minecraft:iron_boots":1,"minecraft:stick":52,"minecraft:iron_ingot":14,"minecraft:stone_pickaxe":1,"minecraft:acacia_planks":40,"minecraft:torch":16,"minecraft:wheat":189},"minecraft:custom":{"minecraft:interact_with_furnace":23,"minecraft:mob_kills":19,"minecraft:interact_with_crafting_table":12,"minecraft:leave_game":4,"minecraft:time_since_death":13477,"minecraft:sleep_in_bed":1,"minecraft:time_since_rest":1228,"minecraft:sprint_one_cm":127063,"minecraft:damage_taken":1328,"minecraft:walk_one_cm":135484,"minecraft:drop":1,"minecraft:damage_dealt":2499,"minecraft:swim_one_cm":2279,"minecraft:talked_to_villager":3,"minecraft:fly_one_cm":153456,"minecraft:open_chest":9,"minecraft:crouch_one_cm":9531,"minecraft:play_time":48702,"minecraft:deaths":2,"minecraft:sneak_time":3619,"minecraft:walk_under_water_one_cm":154,"minecraft:jump":938,"minecraft:walk_on_water_one_cm":5254,"minecraft:total_world_time":48702,"minecraft:fall_one_cm":22125},"minecraft:dropped":{"minecraft:wooden_pickaxe":1},"minecraft:killed":{"minecraft:pig":1,"minecraft:skeleton":4,"minecraft:zombie":2,"minecraft:chicken":6,"minecraft:cow":6},"minecraft:used":{"minecraft:diorite":3,"minecraft:stone_pickaxe":79,"minecraft:wooden_pickaxe":10,"minecraft:cooked_chicken":6,"minecraft:torch":3,"minecraft:golden_hoe":23,"minecraft:crafting_table":3,"minecraft:bread":3,"minecraft:map":2,"minecraft:leather_helmet":1,"minecraft:iron_helmet":1,"minecraft:iron_boots":1,"minecraft:gravel":10,"minecraft:stone_axe":85,"minecraft:cobblestone":2,"minecraft:furnace":3,"minecraft:cooked_porkchop":3,"minecraft:cooked_beef":2}},"DataVersion":3839}