{"stats":{"minecraft:picked_up":{"minecraft:crafting_table":9,"minecraft:iron_chestplate":1,"minecraft:nether_wart":20,"minecraft:wooden_pickaxe":2,"minecraft:chain":1,"minecraft:string":20,"minecraft:iron_leggings":1,"minecraft:cobbled_deepslate":46,"minecraft:beef":11,"minecraft:oak_boat":2,"minecraft:furnace":5,"minecraft:iron_boots":1,"minecraft:raw_iron":66,"minecraft:oak_fence":1,"minecraft:torch":20,"minecraft:porkchop":2,"minecraft:pointed_dripstone":6,"minecraft:diorite":5,"minecraft:carrot":1,"minecraft:stone_sword":1,"minecraft:arrow":16,"minecraft:rotten_flesh":22,"minecraft:hay_block":35,"minecraft:blaze_rod":4,"minecraft:obsidian":22,"minecraft:mutton":8,"minecraft:cobblestone":83,"minecraft:white_wool":4,"minecraft:rail":2,"minecraft:andesite":3,"minecraft:leather":5,"minecraft:smoker":1,"minecraft:flint":1,"minecraft:tuff":4,"minecraft:oak_log":28,"minecraft:gunpowder":1,"minecraft:dirt":28,"minecraft:bone":11,"minecraft:raw_gold":7,"minecraft:stone_pickaxe":1,"minecraft:oak_planks":18,"minecraft:gravel":7,"minecraft:white_bed":1,"minecraft:spider_eye":2,"minecraft:diamond":47,"minecraft:stone_axe":3,"minecraft:iron_helmet":1,"minecraft:netherrack":6,"minecraft:coal":39},"minecraft:killed_by":{"minecraft:skeleton":1},"minecraft:mined":{"minecraft:diamond_ore":1,"minecraft:tuff":4,"minecraft:white_bed":1,"minecraft:deepslate_diamond_ore":46,"minecraft:obsidian":22,"minecraft:grass_block":3,"minecraft:nether_wart":20,"minecraft:spawner":1,"minecraft:hay_block":35,"minecraft:sculk_catalyst":1,"minecraft:furnace":5,"minecraft:fire":10,"minecraft:cobbled_deepslate":6,"minecraft:iron_ore":40,"minecraft:andesite":3,"minecraft:nether_brick_fence":1,"minecraft:pointed_dripstone":2,"minecraft:deepslate_iron_ore":22,"minecraft:stone":70,"minecraft:smoker":1,"minecraft:oak_fence":1,"minecraft:crafting_table":9,"minecraft:torch":3,"minecraft:short_grass":10,"minecraft:sculk_sensor":5,"minecraft:cobblestone":7,"minecraft:deepslate_gold_ore":4,"minecraft:oak_planks":7,"minecraft:sculk":10,"minecraft:wall_torch":6,"minecraft:chain":1,"minecraft:wheat":1,"minecraft:coal_ore":29,"minecraft:oak_log":28,"minecraft:gravel":9,"minecraft:dirt":13,"minecraft:cobweb":16,"minecraft:netherrack":6,"minecraft:gold_ore":3,"minecraft:deepslate":40},"minecraft:crafted":{"minecraft:oak_planks":112,"minecraft:furnace":3,"minecraft:cooked_mutton":8,"minecraft:flint_and_steel":1,"minecraft:iron_boots":1,"minecraft:diamond_helmet":1,"minecraft:diamond_leggings":1,"minecraft:polished_deepslate":4,"minecraft:iron_axe":1,"minecraft:stone_pickaxe":1,"minecraft:diamond_boots":1,"minecraft:stone_hoe":1,"minecraft:wheat":315,"minecraft:cooked_beef":3,"minecraft:oak_slab":6,"minecraft:diamond_sword":1,"minecraft:cooked_porkchop":2,"minecraft:diamond_axe":1,"minecraft:crafting_table":3,"minecraft:wooden_pickaxe":1,"minecraft:iron_helmet":1,"minecraft:bucket":1,"minecraft:stone_axe":1,"minecraft:bread":105,"minecraft:air":0,"minecraft:oak_boat":1,"minecraft:iron_chestplate":1,"minecraft:diamond_pickaxe":1,"minecraft:shield":1,"minecraft:stick":60,"minecraft:iron_ingot":48,"minecraft:iron_pickaxe":1,"minecraft:stone_sword":1,"minecraft:iron_leggings":1,"minecraft:white_bed":1,"minecraft:torch":88,"minecraft:diamond_chestplate":1},"minecraft:custom":{"minecraft:mob_kills":61,"minecraft:interact_with_crafting_table":27,"minecraft:time_since_death":70612,"minecraft:sprint_one_cm":184499,"minecraft:walk_one_cm":182909,"minecraft:damage_blocked_by_shield":1810,"minecraft:drop":27,"minecraft:play_time":77932,"minecraft:deaths":1,"minecraft:sneak_time":7441,"minecraft:walk_under_water_one_cm":2808,"minecraft:boat_one_cm":3895,"minecraft:jump":1765,"minecraft:walk_on_water_one_cm":14726,"minecraft:total_world_time":77932,"minecraft:interact_with_furnace":29,"minecraft:sleep_in_bed":2,"minecraft:time_since_rest":6418,"minecraft:damage_taken":1609,"minecraft:damage_dealt":10309,"minecraft:swim_one_cm":6475,"minecraft:fly_one_cm":299666,"minecraft:open_chest":1,"minecraft:crouch_one_cm":22717,"minecraft:fall_one_cm":46880},"minecraft:dropped":{"minecraft:oak_slab":1,"minecraft:oak_fence":1,"minecraft:iron_helmet":1,"minecraft:leather":5,"minecraft:rail":2,"minecraft:diorite":3,"minecraft:iron_leggings":1,"minecraft:chain":1,"minecraft:white_wool":1,"minecraft:gravel":7,"minecraft:stone_axe":2,"minecraft:stone_sword":1,"minecraft:cobbled_deepslate":3,"minecraft:pointed_dripstone":6,"minecraft:rotten_flesh":20,"minecraft:iron_boots":1,"minecraft:gunpowder":1,"minecraft:iron_chestplate":1,"minecraft:spider_eye":1,"minecraft:stone_pickaxe":1,"minecraft:wooden_pickaxe":2},"minecraft:killed":{"minecraft:cave_spider":2,"minecraft:spider":4,"minecraft:skeleton":14,"minecraft:pig":1,"minecraft:zombie_villager":1,"minecraft:creeper":1,"minecraft:sheep":4,"minecraft:zombie":16,"minecraft:blaze":9,"minecraft:cow":5},"minecraft:used":{"minecraft:stone_sword":101,"minecraft:polished_deepslate":4,"minecraft:flint_and_steel":1,"minecraft:shield":43,"minecraft:stone_hoe":55,"minecraft:rotten_flesh":2,"minecraft:iron_chestplate":1,"minecraft:torch":96,"minecraft:dirt":16,"minecraft:carrot":1,"minecraft:tuff":4,"minecraft:obsidian":10,"minecraft:iron_axe":54,"minecraft:iron_helmet":1,"minecraft:furnace":6,"minecraft:cobbled_deepslate":39,"minecraft:iron_leggings":1,"minecraft:cooked_mutton":3,"minecraft:water_bucket":4,"minecraft:diorite":2,"minecraft:oak_planks":47,"minecraft:stone_pickaxe":123,"minecraft:wooden_pickaxe":22,"minecraft:diamond_axe":2,"minecraft:oak_slab":5,"minecraft:crafting_table":11,"minecraft:white_bed":2,"minecraft:diamond_pickaxe":86,"minecraft:bread":26,"minecraft:iron_pickaxe":89,"minecraft:stone_axe":35,"minecraft:diamond_sword":74,"minecraft:cobblestone":42,"minecraft:cooked_porkchop":1,"minecraft:bucket":5,"minecraft:andesite":3,"minecraft:oak_boat":2}},"DataVersion":3839}